public_path,artifact_type,paper_section,purpose,canonical_status,publication_modification,privacy_checked,sha256
.gitignore,configuration,Data and Code Availability,Prevent publication of caches secrets environments and third-party archives,publication_support,Added publication-safe exclusions,yes,32a04905e3546c39680df1a892ee9693d9ee0dacd239af44197dcd0c023e3f0a
CITATION.cff,citation,Citation,Machine-readable repository citation metadata,publication_support,Title synchronized; no other citation metadata changed,yes,9319ee73eff1e4668330142096ca0edce9c5fa61d62b620767e9f35a4ea54b81
LICENSE-CODE,license,Licensing,MIT License for source code,publication_support,Added final code license,yes,37d0e99e7410ec2d6926cf8624bf446a0df31ecb4911296b55a7cacb2b7f1c3c
LICENSE-CONTENT,license,Licensing,"CC BY 4.0 license for documentation, figures, supplementary materials, and author-generated synthetic data",publication_support,Added final content license,yes,bd85aa8158947556d5b94bd293f7adb2c17697f917527562227805685dd02af0
README.md,documentation,Data and Code Availability,Permanent public repository overview and ordered reproduction workflow,publication_documentation,Title terminology and pairwise scope synchronized; scientific content unchanged,yes,725b280435de337f5f575ab13fc735df6e9c63f23459cf64fdde9595404c12fc
REPRODUCIBILITY_MAP.md,documentation,All reported results,Map each manuscript figure and table to public producers and artifacts,publication_documentation,Figure 1 terminology synchronized; classifications unchanged,yes,7340a8a525b9976c9080947256fe754a4e979ee0d35869c1cc3a705426657bfb
configs/B2A_EXTERNAL_SYNTHETIC_IMPLEMENTATION_SPEC_V1.md,protocol,Sections 3.10-3.15,Frozen external-synthetic implementation specification,canonical,Study title synchronized; scientific definitions unchanged,yes,17835e94ae9053ef5bb6cbbebf63fcc3f82f0f9b24fe620fe20cd60f342a9be7
configs/B2A_EXTERNAL_SYNTHETIC_VALIDATION_PROTOCOL_V1_1.md,protocol,Sections 3.10-3.15,Frozen external-synthetic validation protocol,canonical,Study title synchronized; scientific definitions unchanged,yes,29bf56d7853d31a99049a69859f82022d14610956025bdbe5d4eda3d7e9a0ad7
configs/DECISION_PROTOCOL_V1.md,protocol,Sections 3.1-3.9,Frozen structural decision protocol,canonical,Title terminology indicator definitions and pairwise scope synchronized; policy unchanged,yes,2a45dbd35d999a205d5f2754a63c493375518c55b6efb10151c823af6494d6d0
data/README.md,documentation,Data and Code Availability,Actionable third-party benchmark acquisition and input mapping,publication_documentation,Added stable benchmark identifiers and exact per-step input requirements,yes,838852caef3098ba209baea803e5b890ee3cfa16f6bc02a312e856f776b917f5
figures/figure_1_structure_vs_effect.png,figure,Figure 1,Deterministically generated manuscript figure,generated_from_canonical_inputs,Terminology and boundary-to-boundary structural diagram synchronized; scientific meaning unchanged,yes,ea95f3bdc093327a858c34b621e7b7e695d7ee8d837beb7b6c0dae9a9798c376
figures/figure_2_decision_states.png,figure,Figure 2,Deterministically generated manuscript figure,generated_from_canonical_inputs,Title terminology synchronized only,yes,50ff4d6119b22a22a744fb047083ab6994889f12837639da605834ebb67864db
figures/figure_3_transition_matrices.png,figure,Figure 3,Deterministically generated manuscript figure,generated_from_canonical_inputs,Regenerated with public-only metadata; visible pixels unchanged,yes,d96c1859895aea8e0ecf6648793088f40db033628ed7f98287b3c14f926a22a9
notebooks/b2a_external_synthetic_validation.ipynb,notebook,Sections 3.10-4.9,External-synthetic generation prediction ground truth and evaluation,canonical_publication_copy,Removed historical labels volatile provenance and execution metadata; calculations unchanged,yes,1ba8690b06cda0d2901ca51dd3f9ed3041be59fdaace1d532ebe375f838ce4e3
notebooks/structure_effect_decision_experiment.ipynb,notebook,Sections 3.1-4.5,Structure-versus-effect decision analysis,canonical_publication_copy,Terminology synchronized; calculations metadata outputs and execution counts unchanged,yes,eeb806c8f31b2a31d93809e8b8cb9b327e32655c8fab888302c42918ed5a1713
requirements.txt,configuration,Data and Code Availability,Pinned Python dependencies,publication_configuration,Added the direct notebook-execution dependency,yes,421f8d76db0e561a388e84211f796805d98070526728f8c0231e573ae73793e8
results/b2a_external_synthetic_baseline_comparison_v1.csv,result,Sections 3.10-4.9,External-synthetic baseline comparison,canonical,None,yes,bdae7fe961ee47e39f46cacb0fb71195c2e379caaec9ab0348eefc81e4a0bde0
results/b2a_external_synthetic_dgp_spec_v1.json,configuration,Sections 3.10-3.13,Frozen six-environment DGP specification,canonical,Removed private paths and commit metadata; numeric scientific content unchanged,yes,d1ba4a2a82ae83fd1174592fb20f6d71a3ffac8d6ef8df002c9e68640d2a97c9
results/b2a_external_synthetic_environment_summary_v1.csv,result,Sections 3.10-4.9,External-synthetic environment summary,canonical,None,yes,0931f97df94d0cd6716116a08ee0b6fb25b94f0b3b0b0228c79fb90195c5be3c
results/b2a_external_synthetic_ground_truth_v1.csv,result,Sections 3.10-4.9,External-synthetic ground truth,canonical,None,yes,735468669caf262be233de69de4afbbe46a2caaa8a922892486e5d512a3f25e5
results/b2a_external_synthetic_manifest_v1.json,manifest,Sections 3.10-3.14,Stable external-synthetic scientific-payload hashes,canonical_publication_metadata,Removed commit and timestamp; replaced raw provenance hashes with stable scientific-payload hashes,yes,d8ee35ddab0d71ee8ff2f9dcc9b93dbda4b882e64b04709d2569c9e23bb2fc85
results/b2a_external_synthetic_predictions_v1.csv,result,Sections 3.10-4.9,External-synthetic predictions,canonical,None,yes,3bf964bb7e90268a4f5e603d0b16a71be017ac8a2daa20f6d347614981d4e6b3
results/b2a_external_synthetic_queries_v1.csv,result,Sections 3.10-4.9,External-synthetic queries,canonical,None,yes,d0c022193284c495751b7168d62db8206a397f02537e54ca2e165a0248b83d6b
results/b2a_external_synthetic_summary_v1.csv,result,Sections 3.10-4.9,External-synthetic summary,canonical,None,yes,74dce3b91239e683534518d2c170dec5969f49f9f5039e8d40f0cffe99cd7fd5
results/b2a_external_synthetic_training_v1.npz,synthetic_data,Sections 3.10-3.14,Six-environment training states and actions,canonical,None,yes,bd0294b4e4bc3bc0f7407ecb2110e15aad005235539fd461638d845434d25edd
results/draft2_reviewer_chance_reference_v1.csv,result,Sections 3.7-4.9,Paper diagnostic: chance reference,canonical,None,yes,e8f750dbdf127a15fd0988248ac5140ad840eac7ef60b38adea47b7fa54c1937
results/draft2_reviewer_external_alignment_audit_v1.json,audit,Sections 3.11-3.14,Temporal alignment overlap and coupling audit,canonical,Rewrote evidence-source paths only; numeric scientific content unchanged,yes,4dda89ecc923c4535d596fe3391d08752ce3f75dc5ca44c1fe65c736efd1ecdf
results/draft2_reviewer_external_rank_diagnostic_v1.csv,result,Sections 3.7-4.9,Paper diagnostic: external rank diagnostic,canonical,None,yes,e589c3d7e4e1e759591a4bb89bcaeffad52cb598b6ca73410a13c8413dcb2f84
results/draft2_reviewer_external_scale_audit_v1.csv,result,Sections 3.7-4.9,Paper diagnostic: external scale audit,canonical,None,yes,3999b81ca867b0b220f8ce3c8271d12d78519eaa51ea6d586363d4b9f158cdcf
results/draft2_reviewer_method_d_audit_v1.csv,result,Sections 3.7-4.9,Paper diagnostic: method d audit,canonical,None,yes,0cc40297b56d32d970c15729260730f43d9c89e9892a12e89ca2f4e8c6983754
results/draft2_reviewer_method_d_threshold_sensitivity_v1.csv,result,Sections 3.7-4.9,Paper diagnostic: method d threshold sensitivity,canonical,None,yes,46e2be6dfc0e6312ff13d18a399206e795ca61f5fe3d3930c95531b8e9697409
results/draft2_reviewer_structural_bootstrap_v1.csv,result,Sections 3.7-4.9,Paper diagnostic: structural bootstrap,canonical,None,yes,f436dd18af35d1ff484019ab0c0dceb55c13a62a34538c49a33ae043383191b5
results/draft2_reviewer_structural_transitions_v1.csv,result,Sections 3.7-4.9,Paper diagnostic: structural transitions,canonical,None,yes,91f3eb0392a4cca7d272a575f4a148ebe6f2d634432f0b5e37c7f1d7fdbf4021
results/draft2_reviewer_zero_composition_by_environment_v1.csv,result,Sections 3.7-4.9,Paper diagnostic: zero composition by environment,canonical,None,yes,8dc1aff138477ddcd2cbaa3b7b9dbab6c5fcb6d92fbd5d5bf1253ee2410d0063
results/draft2_reviewer_zero_effect_predictions_v1.csv,result,Sections 3.7-4.9,Paper diagnostic: zero effect predictions,canonical,None,yes,a17cd755cdcf504297c96ed0181b0a428c5f90b5eb15a56f39879d60e1114161
results/draft2_reviewer_zero_nonzero_v1.csv,result,Sections 3.7-4.9,Paper diagnostic: zero nonzero,canonical,None,yes,540d3b90768380dc3754a2fafbb1d689a68bc05ae15759773037fac9be91fed5
results/pooled_ridge_predictions_reconstructed_for_release.csv,result,Table 3 secondary comparison,Deterministic per-query Pooled Ridge reconstruction,reconstructed_publication_artifact,Regenerated and confirmed byte-identical,yes,8e8ef2a414516c9b5a96babdd65248c7f2991b79144e0e2aabc1aaa3eeeecbb0
results/structure_effect_decision_v1_query_level.csv,result,Sections 4.1-4.4,structure effect decision query level,canonical,None,yes,d7194b3c53c210dd84d1e70b21a66fb495a306d40a32ecb8ffb00aa4fff7ada4
results/structure_effect_paired_comparison_v1.csv,result,Sections 4.1-4.4,structure effect paired comparison,canonical,None,yes,8a0b04fda6a164d4414a442952736631a7d4f1b72da5a197211ddfd83f1b915b
results/structure_effect_path_robustness_v1_query_level.csv,result,Sections 4.1-4.4,structure effect path robustness query level,canonical,None,yes,436be6a306464f27aa879bb3aa15aa6083dc6e7b3bf60f1cb5433d2585993272
results/task1_method_d_edges.csv,input_result,Sections 3.8 and 4.1,Frozen Method-D graph input,canonical,None,yes,0c5f6ac9e062a36d3262f93e2cb8a4188e585c54d8e2fc1afe851e5214a02bbf
results/task2_b2a_effect_estimates.csv,input_result,Sections 3.2 and 4.9,Frozen benchmark B2A estimates and query keys,canonical,None,yes,ab508f64b7634b3d2cb1082776158d6add0737193a04f554bdc257b355d2cffa
src/audit_reported_results.py,code,Sections 4.1-4.9,Audit all reported numeric values,publication_audit,Documentation wording sanitized,yes,e28bf3dd7db4024cf9fe2ac118d519bc30606e53c69b59c1a3a11a8530417c24
src/make_figures.py,code,Figures 1-3,Generate all manuscript figures,publication_producer,Figure 1 diagram and terminology plus Figure 2 title synchronized,yes,736fcce026478c3d6107f9de257569e769bd3c84104fa9669741b42699791a76
src/reproduce_method_d_sensitivity.py,code,Table 2,Reconstruct Method-D graphs and sensitivity metrics,publication_producer,None,yes,208e7f5509b051db6dbd314e5f52d2e39b7c255938f54c61d72837c0d8ad71a4
src/reproduce_pooled_ridge.py,code,Table 3 secondary comparison,Reconstruct Pooled Ridge per-query predictions,publication_producer,None,yes,16328acef7421347d571074a9eb6c0061562fd3d1e238854ce18c29b5beac9cb
src/reproduce_structural_bootstrap.py,code,Table 1,Reproduce structural and paired bootstrap values,publication_producer,None,yes,e4627870adb284ae9be6d61fcca58382bc826d07f1fd99a59d12e30ce66cc0a2
src/verify_external_reproducibility.py,code,Sections 3.10-4.9,Regenerate and compare external-synthetic scientific content,publication_verifier,Added isolated metadata-insensitive reproduction check,yes,55944188b71132600f638a81193e853e140cc3ac3d5fa1391bf2592d61b46479
supplementary/README.md,documentation,Supplementary Table S1,Document the supplementary table provenance,publication_documentation,Removed venue-temporary wording,yes,13109d346d0031509062206e9a55efa4e917c7fba3ec2bf9e59c86bbf981e2bc
supplementary/table_s1_environment_level_diagnostics.csv,result,Supplementary Table S1,Machine-readable environment-level diagnostics,derived_from_canonical_results,None,yes,b33aa199a544c700f55dab2e46f7e8db427ae28646b76c1d65dce13af4ff8f82
