environment_id,query_id,intervention_action,reference_action,target,tau_hat
EXT0,0,1,7,4,-0.003880660468752184
EXT0,1,4,6,7,-0.004932162689846967
EXT0,2,6,7,16,-0.0012863365645896102
EXT0,3,2,0,15,-0.0030771519073208853
EXT0,4,4,7,14,-0.0013967109448543812
EXT0,5,6,1,2,0.006984071392737434
EXT0,6,7,2,15,-0.00039495503829319045
EXT0,7,1,2,13,-0.00022689525336041377
EXT0,8,4,5,17,0.07784030917586993
EXT0,9,5,3,14,-0.00358148211952717
EXT0,10,0,4,17,-0.07602757688449123
EXT0,11,7,6,10,0.16330827976882745
EXT0,12,3,6,12,0.0021165211441466214
EXT0,13,4,6,16,-0.006504238616013548
EXT0,14,0,5,2,-0.0006692982401969652
EXT0,15,0,1,14,-0.005468691214787309
EXT0,16,5,1,17,-0.1970025124903184
EXT0,17,5,0,0,0.002051903054466425
EXT0,18,2,4,15,-0.12494950944386761
EXT0,19,5,3,9,0.0037926270827094016
EXT0,20,3,2,5,-0.0014225318364489807
EXT0,21,1,2,13,-0.00022689525336041377
EXT0,22,0,2,6,0.0006099329508141558
EXT0,23,1,6,18,0.198266247139643
EXT0,24,7,0,9,-0.001144689287948461
EXT0,25,7,0,16,0.004450907977275952
EXT0,26,7,4,13,-0.0006797305624552594
EXT0,27,0,4,6,-0.0003199051549509077
EXT0,28,3,1,10,-0.0015879439876260865
EXT0,29,3,1,6,0.0007633318053004157
EXT0,30,5,3,18,-0.00147976796692207
EXT0,31,3,4,16,0.006882532621985751
EXT0,32,0,3,13,0.12468509906614605
EXT0,33,2,1,1,-0.0002727458867961552
EXT0,34,2,4,8,0.00802430187540746
EXT0,35,7,0,15,-0.003472106945614079
EXT0,36,4,1,0,-0.005919330556620694
EXT0,37,3,2,13,0.0028407380942860605
EXT0,38,4,5,2,-0.0007189179846262342
EXT0,39,3,4,16,0.0068825326219857375
EXT1,0,2,7,11,0.0022730894806246987
EXT1,1,1,0,16,0.0032136107436920996
EXT1,2,3,4,10,-0.0031739041215378683
EXT1,3,1,5,5,-0.00019825420281054454
EXT1,4,0,2,1,0.0021473880408423695
EXT1,5,2,0,10,-0.1086794531804825
EXT1,6,3,0,4,0.003469184051442309
EXT1,7,6,7,9,-0.00598858099715191
EXT1,8,2,0,5,-0.0009892765956633805
EXT1,9,4,0,1,1.0962309635924317e-05
EXT1,10,6,4,11,-0.15651412229191014
EXT1,11,6,1,17,-0.17695923300622446
EXT1,12,5,2,5,0.000686395600747066
EXT1,13,0,6,13,0.00724196986803774
EXT1,14,0,4,3,0.003612590699185972
EXT1,15,2,3,6,-0.00012074807110241254
EXT1,16,0,7,13,-0.00018259300742787254
EXT1,17,1,2,16,-0.0032586692428499195
EXT1,18,2,6,0,0.003992066604900965
EXT1,19,0,5,2,-0.0004539545939919454
EXT1,20,7,2,15,-0.0034258718062909754
EXT1,21,2,0,14,-0.0018968040293411079
EXT1,22,0,7,10,0.1111380733416528
EXT1,23,4,6,19,-0.051823756949557154
EXT1,24,7,4,18,0.0033984069350338486
EXT1,25,5,0,14,-0.008621193632294626
EXT1,26,2,5,12,0.0025703042426840125
EXT1,27,1,5,19,0.0034124154341130947
EXT1,28,2,0,16,0.006472279986542019
EXT1,29,3,5,2,0.005234810720470259
EXT1,30,3,6,5,0.003534312836684081
EXT1,31,7,5,0,0.1691819845893979
EXT1,32,5,3,10,0.0031337911987381686
EXT1,33,1,5,5,-0.00019825420281054454
EXT1,34,0,2,11,0.007058494831305051
EXT1,35,3,7,14,-0.0004370835716987487
EXT1,36,7,4,18,0.0033984069350338486
EXT1,37,7,1,19,0.0009293740301306308
EXT1,38,4,2,8,-0.006620954696163542
EXT1,39,5,6,12,0.000124934149441756
EXT2,0,3,6,15,0.04007529892359327
EXT2,1,7,0,1,0.005433227749467676
EXT2,2,5,4,5,-0.14452457465043192
EXT2,3,2,1,1,-0.0004603434883989491
EXT2,4,0,4,0,0.008334234002001367
EXT2,5,5,1,12,0.0058395884229498485
EXT2,6,4,0,10,0.007506526298331873
EXT2,7,5,3,18,0.1712791371148672
EXT2,8,4,6,13,-0.08952173564527477
EXT2,9,2,6,19,-0.005978450778795941
EXT2,10,7,3,6,-0.13675968771577793
EXT2,11,1,2,1,0.00046034348839894823
EXT2,12,6,2,10,0.001981513482988636
EXT2,13,7,4,6,-0.1278728649691503
EXT2,14,3,1,14,-0.05213565291023631
EXT2,15,5,7,7,0.004002805027575863
EXT2,16,0,2,8,0.010219716499445586
EXT2,17,6,2,18,0.06203874866226383
EXT2,18,0,2,13,-0.005942955275206857
EXT2,19,0,2,12,-0.00941326033470083
EXT2,20,1,3,18,0.17663557316165462
EXT2,21,6,2,8,0.004809784335915612
EXT2,22,7,2,15,-0.009696473422834972
EXT2,23,0,6,8,0.0054099321635299735
EXT2,24,1,2,18,0.06888642449623814
EXT2,25,6,4,7,0.0004417662380878373
EXT2,26,5,6,16,0.00010603803685696467
EXT2,27,2,4,15,0.010013463699127367
EXT2,28,1,0,16,-0.11536821295100325
EXT2,29,5,6,17,-0.0343206551475761
EXT2,30,3,0,8,-0.002690421325185259
EXT2,31,7,4,12,0.0034133757444969326
EXT2,32,1,6,7,0.0039042695531374128
EXT2,33,6,7,16,-0.06834790600561473
EXT2,34,5,6,15,0.03878910804742462
EXT2,35,6,7,1,-0.001261934990828665
EXT2,36,6,4,5,-0.15246842599373836
EXT2,37,1,3,18,0.17663557316165462
EXT2,38,6,7,12,-0.012928448616172317
EXT2,39,3,0,13,0.12663564404333955
EXT3,0,1,6,16,0.10621342357984673
EXT3,1,6,0,4,0.006111909652145442
EXT3,2,1,3,11,0.00022856047241455197
EXT3,3,0,6,4,-0.0061119096521454405
EXT3,4,4,2,4,-0.004614489657697528
EXT3,5,6,2,14,0.0017903972513194956
EXT3,6,5,1,15,0.0005736030577911666
EXT3,7,5,6,7,-0.0002949963744321854
EXT3,8,5,2,10,-0.006153460770514301
EXT3,9,6,1,0,0.001939490605083449
EXT3,10,0,4,9,-0.0012785699512696813
EXT3,11,6,7,11,0.0011988910823079175
EXT3,12,5,2,12,0.0016707372133190485
EXT3,13,3,0,3,0.001243764790508711
EXT3,14,7,1,8,-0.0003794462262951756
EXT3,15,6,0,0,0.00041422745203671327
EXT3,16,4,0,0,-0.00356834039482494
EXT3,17,3,0,3,0.0012437647905087085
EXT3,18,2,5,9,-0.000925703264071015
EXT3,19,1,0,4,0.0028483780621314236
EXT3,20,4,1,3,-0.0022945459801745616
EXT3,21,0,6,4,-0.0061119096521454405
EXT3,22,1,7,9,-0.09973672053193033
EXT3,23,0,4,14,-0.0006319848546712905
EXT3,24,3,5,19,0.003035976975314488
EXT3,25,0,7,19,-0.002541605262696034
EXT3,26,6,3,7,-0.0010818179080141765
EXT3,27,6,3,8,-0.0019185506783886697
EXT3,28,1,4,10,-0.0006604905237612112
EXT3,29,6,5,4,0.003787363129110617
EXT3,30,7,4,0,0.002512551160073387
EXT3,31,5,2,3,0.0013317981018007505
EXT3,32,7,2,12,-0.1646595982177057
EXT3,33,2,4,18,-0.0014651901905404913
EXT3,34,0,7,15,-0.004401684011903717
EXT3,35,6,2,11,0.002448952988854629
EXT3,36,7,4,19,-0.0013759998098532185
EXT3,37,6,5,9,-0.0047096628188230405
EXT3,38,2,5,3,-0.0013317981018007505
EXT3,39,3,1,12,7.269510043239613e-05
EXT4,0,2,0,6,-0.1447406825461854
EXT4,1,5,4,19,-0.16445622287627332
EXT4,2,7,2,9,-0.1415536930006145
EXT4,3,5,2,15,-0.010502280106541945
EXT4,4,1,0,0,0.008537136061590844
EXT4,5,0,2,9,-0.13425812760774083
EXT4,6,4,6,6,0.0029961044017741134
EXT4,7,6,1,14,-0.009082757609911153
EXT4,8,4,1,17,0.005659580858134658
EXT4,9,4,3,10,0.00919871179549879
EXT4,10,5,7,19,-0.09779553034549618
EXT4,11,6,5,18,0.02045260952275474
EXT4,12,0,4,3,-0.006937319733253761
EXT4,13,5,7,6,-0.0030963812614679537
EXT4,14,2,3,1,0.007801846471630021
EXT4,15,0,1,15,0.0005690606132846485
EXT4,16,3,1,1,-0.010541024059505135
EXT4,17,1,7,4,0.004976861119468115
EXT4,18,3,7,7,0.0018107489001188762
EXT4,19,1,2,15,-0.00581831955482244
EXT4,20,2,3,7,-0.0016817586807320525
EXT4,21,5,0,14,-0.003995608251865762
EXT4,22,0,4,17,-0.006774460107719121
EXT4,23,1,7,3,-0.0028934967153200347
EXT4,24,1,6,1,-0.000941845275974423
EXT4,25,5,2,5,-0.004276944481578428
EXT4,26,4,0,15,0.006292073392682507
EXT4,27,7,5,0,-0.0077321557014937425
EXT4,28,4,6,7,0.0011504197668410765
EXT4,29,6,7,7,0.0024845837648649755
EXT4,30,7,0,6,0.004025783195825736
EXT4,31,4,2,9,-0.1252409409848941
EXT4,32,3,1,19,-0.0011062200836610137
EXT4,33,2,1,7,-0.005196481764147248
EXT4,34,2,7,1,-0.0032663999837988997
EXT4,35,3,0,18,0.027641965227893625
EXT4,36,5,1,17,0.00800391654056299
EXT4,37,3,0,4,0.014958197841027865
EXT4,38,6,3,9,0.10841879047894856
EXT4,39,0,4,16,-0.16025330573114333
EXT5,0,1,6,17,0.09506329834262847
EXT5,1,1,7,17,0.0997476774616495
EXT5,2,2,5,16,0.11252059954854753
EXT5,3,6,1,17,-0.09506329834262842
EXT5,4,3,7,16,-0.1096302094451569
EXT5,5,6,0,13,-0.11532181797080059
EXT5,6,7,5,16,0.10969345145752084
EXT5,7,3,1,17,-0.09955690385880603
EXT5,8,6,0,18,-0.08821032045620644
EXT5,9,2,0,18,-0.15707142454301368
EXT5,10,2,6,5,-0.07216935277688155
EXT5,11,5,2,12,0.11720432537956607
EXT5,12,7,0,18,-0.05301172934193926
EXT5,13,3,4,14,-0.07951521911385134
EXT5,14,1,4,17,0.09390043484750796
EXT5,15,7,2,17,0.10493238783927464
EXT5,16,5,7,16,-0.10969345145752085
EXT5,17,2,5,7,-0.07565435994376507
EXT5,18,4,6,13,0.11670878968112787
EXT5,19,7,5,7,-0.07450000467344409
EXT5,20,7,2,18,0.10405969520107443
EXT5,21,1,2,12,0.11322628631477727
EXT5,22,0,3,9,-0.12528758571884988
EXT5,23,7,5,16,0.10969345145752085
EXT5,24,6,1,17,-0.09506329834262842
EXT5,25,5,3,9,-0.12500055273151736
EXT5,26,6,3,13,-0.1076108926967184
EXT5,27,5,7,11,0.19560330122160832
EXT5,28,5,4,14,-0.16154413290549136
EXT5,29,3,6,16,-0.11005675470719384
EXT5,30,7,5,16,0.10969345145752085
EXT5,31,3,6,15,-0.10094504651115134
EXT5,32,0,3,15,0.10322881431767178
EXT5,33,4,0,14,0.06998099533587424
EXT5,34,6,4,14,-0.07358046648360747
EXT5,35,1,0,17,0.09492812294635095
EXT5,36,3,4,15,-0.10022609943075184
EXT5,37,6,7,13,-0.11180384779758135
EXT5,38,4,5,7,-0.07234140111330459
EXT5,39,5,0,16,-0.11186722985495866
